{
  "Pd interface": {
    "best": 6.11767437074205,
    "index": 8,
    "integer": false,
    "label": "Pd interface",
    "mean": 6.124141898355082,
    "median": 6.138375260115273,
    "p68": [
      5.943331363728438,
      6.310847729788064
    ],
    "p68_range": [
      5.943331363728438,
      6.310847729788064
    ],
    "p95": [
      5.707151712710864,
      6.476841356893639
    ],
    "p95_range": [
      5.707151712710864,
      6.476841356893639
    ],
    "std": 0.19195732122542733
  },
  "Pd rho": {
    "best": 3.8811899805160386,
    "index": 9,
    "integer": false,
    "label": "Pd rho",
    "mean": 3.8840528026409036,
    "median": 3.8853985453680955,
    "p68": [
      3.8550953977277107,
      3.911211112393979
    ],
    "p68_range": [
      3.8550953977277107,
      3.911211112393979
    ],
    "p95": [
      3.8307379958505767,
      3.9372255811748156
    ],
    "p95_range": [
      3.8307379958505767,
      3.9372255811748156
    ],
    "std": 0.026902314597539362
  },
  "Pd thickness": {
    "best": 104.71648770088068,
    "index": 10,
    "integer": false,
    "label": "Pd thickness",
    "mean": 105.07375413967647,
    "median": 105.05100913965988,
    "p68": [
      104.3300049855595,
      105.76250847342904
    ],
    "p68_range": [
      104.3300049855595,
      105.76250847342904
    ],
    "p95": [
      103.68194647903753,
      106.86013429583491
    ],
    "p95_range": [
      103.68194647903753,
      106.86013429583491
    ],
    "std": 0.7908616184561955
  },
  "SiO2 interface": {
    "best": 1.6649945889479334,
    "index": 5,
    "integer": false,
    "label": "SiO2 interface",
    "mean": 2.5513700522728144,
    "median": 2.3179115823358294,
    "p68": [
      1.41262612398803,
      3.6754411280755326
    ],
    "p68_range": [
      1.41262612398803,
      3.6754411280755326
    ],
    "p95": [
      1.074408965101139,
      5.386847223649145
    ],
    "p95_range": [
      1.074408965101139,
      5.386847223649145
    ],
    "std": 1.1811245515058186
  },
  "SiO2 rho": {
    "best": 3.199603564098268,
    "index": 6,
    "integer": false,
    "label": "SiO2 rho",
    "mean": 3.162459088930967,
    "median": 3.1633669616830105,
    "p68": [
      3.1123169028979927,
      3.214844137371904
    ],
    "p68_range": [
      3.1123169028979927,
      3.214844137371904
    ],
    "p95": [
      3.056128223220688,
      3.2629172720875843
    ],
    "p95_range": [
      3.056128223220688,
      3.2629172720875843
    ],
    "std": 0.054230170868290725
  },
  "SiO2 thickness": {
    "best": 27.994238771436557,
    "index": 7,
    "integer": false,
    "label": "SiO2 thickness",
    "mean": 28.094612851162598,
    "median": 28.077542210860603,
    "p68": [
      27.628430734555838,
      28.568254856504524
    ],
    "p68_range": [
      27.628430734555838,
      28.568254856504524
    ],
    "p95": [
      27.253567734498542,
      28.96345937135937
    ],
    "p95_range": [
      27.253567734498542,
      28.96345937135937
    ],
    "std": 0.4565903381596485
  },
  "SiWAFER7 interface": {
    "best": 7.563658453555677,
    "index": 3,
    "integer": false,
    "label": "SiWAFER7 interface",
    "mean": 6.887365953413829,
    "median": 6.846127929084877,
    "p68": [
      5.87395445337529,
      7.930218292162807
    ],
    "p68_range": [
      5.87395445337529,
      7.930218292162807
    ],
    "p95": [
      4.9673498807475145,
      8.919013142307998
    ],
    "p95_range": [
      4.9673498807475145,
      8.919013142307998
    ],
    "std": 1.0182151131241854
  },
  "SiWAFER7 rho": {
    "best": 1.9906282976164766,
    "index": 4,
    "integer": false,
    "label": "SiWAFER7 rho",
    "mean": 1.9909527970821386,
    "median": 1.9915225823846598,
    "p68": [
      1.9816481661631327,
      2.000373499059233
    ],
    "p68_range": [
      1.9816481661631327,
      2.000373499059233
    ],
    "p95": [
      1.9687338921633237,
      2.0095734346926037
    ],
    "p95_range": [
      1.9687338921633237,
      2.0095734346926037
    ],
    "std": 0.009898766059579272
  },
  "background": {
    "best": 8.337672218224535e-08,
    "index": 1,
    "integer": false,
    "label": "background",
    "mean": 9.416785023104291e-08,
    "median": 9.347679958235103e-08,
    "p68": [
      7.962064735287437e-08,
      1.0980591657647367e-07
    ],
    "p68_range": [
      7.962064735287437e-08,
      1.0980591657647367e-07
    ],
    "p95": [
      6.398034203008385e-08,
      1.2418144246582601e-07
    ],
    "p95_range": [
      6.398034203008385e-08,
      1.2418144246582601e-07
    ],
    "std": 1.540205007839131e-08
  },
  "intensity": {
    "best": 0.9526961174994859,
    "index": 2,
    "integer": false,
    "label": "intensity",
    "mean": 0.955883804361713,
    "median": 0.9552212337273559,
    "p68": [
      0.940939928002139,
      0.9715013145955594
    ],
    "p68_range": [
      0.940939928002139,
      0.9715013145955594
    ],
    "p95": [
      0.9266450253029533,
      0.9851850548700635
    ],
    "p95_range": [
      0.9266450253029533,
      0.9851850548700635
    ],
    "std": 0.015122393634678556
  },
  "polymerNIPAMFC interface": {
    "best": 2.008684884672769,
    "index": 11,
    "integer": false,
    "label": "polymerNIPAMFC interface",
    "mean": 2.3645803534005747,
    "median": 2.179366699470573,
    "p68": [
      0.8102568110437072,
      3.86153695064346
    ],
    "p68_range": [
      0.8102568110437072,
      3.86153695064346
    ],
    "p95": [
      0.24174565937598302,
      5.475539066156813
    ],
    "p95_range": [
      0.24174565937598302,
      5.475539066156813
    ],
    "std": 1.4419715391961065
  },
  "polymerNIPAMFC rho": {
    "best": 0.85115028009482,
    "index": 12,
    "integer": false,
    "label": "polymerNIPAMFC rho",
    "mean": 0.854384304270079,
    "median": 0.8550513854727284,
    "p68": [
      0.8345323087272322,
      0.8741278247241067
    ],
    "p68_range": [
      0.8345323087272322,
      0.8741278247241067
    ],
    "p95": [
      0.8113280459445515,
      0.8955108183974144
    ],
    "p95_range": [
      0.8113280459445515,
      0.8955108183974144
    ],
    "std": 0.02112378568971048
  },
  "polymerNIPAMFC thickness": {
    "best": 580.6964903603738,
    "index": 13,
    "integer": false,
    "label": "polymerNIPAMFC thickness",
    "mean": 580.7787494016936,
    "median": 580.7465797781563,
    "p68": [
      580.3504146415885,
      581.2466355804573
    ],
    "p68_range": [
      580.3504146415885,
      581.2466355804573
    ],
    "p95": [
      579.8647402229615,
      581.7214277841377
    ],
    "p95_range": [
      579.8647402229615,
      581.7214277841377
    ],
    "std": 0.4616597335712364
  }
}