{
  "D2O05V interface": {
    "best": 30.55491523025914,
    "index": 1,
    "integer": false,
    "label": "D2O05V interface",
    "mean": 30.5145875452466,
    "median": 30.31185679355883,
    "p68": [
      30.062696911778673,
      31.014402641542265
    ],
    "p68_range": [
      30.062696911778673,
      31.014402641542265
    ],
    "p95": [
      30.006911232291525,
      32.32458586876928
    ],
    "p95_range": [
      30.006911232291525,
      32.32458586876928
    ],
    "std": 0.5943672360013293
  },
  "D2O05V rho": {
    "best": 6.269238441331417,
    "index": 2,
    "integer": false,
    "label": "D2O05V rho",
    "mean": 6.270643739888291,
    "median": 6.273259247225323,
    "p68": [
      6.227686928812378,
      6.307861153757819
    ],
    "p68_range": [
      6.227686928812378,
      6.307861153757819
    ],
    "p95": [
      6.2052760246671745,
      6.328733914355252
    ],
    "p95_range": [
      6.2052760246671745,
      6.328733914355252
    ],
    "std": 0.03502246334071915
  },
  "Pd interface": {
    "best": 2.279675887047402,
    "index": 30,
    "integer": false,
    "label": "Pd interface",
    "mean": 2.464646539121892,
    "median": 2.3697390574522084,
    "p68": [
      2.072025971163642,
      2.902304436855415
    ],
    "p68_range": [
      2.072025971163642,
      2.902304436855415
    ],
    "p95": [
      2.0068008416000196,
      3.3567132147653362
    ],
    "p95_range": [
      2.0068008416000196,
      3.3567132147653362
    ],
    "std": 0.3925083370040683
  },
  "Pd rho": {
    "best": 4.095190431314038,
    "index": 31,
    "integer": false,
    "label": "Pd rho",
    "mean": 4.086116498265938,
    "median": 4.0905805031685984,
    "p68": [
      4.07373871251862,
      4.09833367148218
    ],
    "p68_range": [
      4.07373871251862,
      4.09833367148218
    ],
    "p95": [
      4.050454667480968,
      4.099734193144417
    ],
    "p95_range": [
      4.050454667480968,
      4.099734193144417
    ],
    "std": 0.014229844255375454
  },
  "Pd thickness": {
    "best": 109.96322944158462,
    "index": 32,
    "integer": false,
    "label": "Pd thickness",
    "mean": 109.82995651220165,
    "median": 109.88408535800369,
    "p68": [
      109.67583747317376,
      109.97948366967854
    ],
    "p68_range": [
      109.67583747317376,
      109.97948366967854
    ],
    "p95": [
      109.33673303152847,
      109.99690670783043
    ],
    "p95_range": [
      109.33673303152847,
      109.99690670783043
    ],
    "std": 0.17710878152023324
  },
  "SiO2 interface": {
    "best": 5.836758854015041,
    "index": 33,
    "integer": false,
    "label": "SiO2 interface",
    "mean": 5.733101906135431,
    "median": 5.821851240480037,
    "p68": [
      5.489334587420333,
      5.966863208957421
    ],
    "p68_range": [
      5.489334587420333,
      5.966863208957421
    ],
    "p95": [
      5.0087855856927055,
      5.996326661948347
    ],
    "p95_range": [
      5.0087855856927055,
      5.996326661948347
    ],
    "std": 0.28183016091645086
  },
  "SiO2 rho": {
    "best": 3.006915440201538,
    "index": 34,
    "integer": false,
    "label": "SiO2 rho",
    "mean": 3.0097793933721215,
    "median": 3.005246669087388,
    "p68": [
      3.001316587789443,
      3.019401372662011
    ],
    "p68_range": [
      3.001316587789443,
      3.019401372662011
    ],
    "p95": [
      3.000268130309262,
      3.0379763612153434
    ],
    "p95_range": [
      3.000268130309262,
      3.0379763612153434
    ],
    "std": 0.010980692511621764
  },
  "SiO2 thickness": {
    "best": 25.043912250924407,
    "index": 35,
    "integer": false,
    "label": "SiO2 thickness",
    "mean": 25.1191454214156,
    "median": 25.079349507129564,
    "p68": [
      25.01610520739354,
      25.216366293797652
    ],
    "p68_range": [
      25.01610520739354,
      25.216366293797652
    ],
    "p95": [
      25.003254006816125,
      25.467188044944255
    ],
    "p95_range": [
      25.003254006816125,
      25.467188044944255
    ],
    "std": 0.12644378092916736
  },
  "SiWAFER705V rho": {
    "best": 2.1999768852077177,
    "index": 36,
    "integer": false,
    "label": "SiWAFER705V rho",
    "mean": 2.1812066590958668,
    "median": 2.190221614497741,
    "p68": [
      2.1579779862511557,
      2.1982060244782096
    ],
    "p68_range": [
      2.1579779862511557,
      2.1982060244782096
    ],
    "p95": [
      2.1266753153377,
      2.199737280654113
    ],
    "p95_range": [
      2.1266753153377,
      2.199737280654113
    ],
    "std": 0.020660100350573286
  },
  "material1 interface": {
    "best": 9.018177107346451,
    "index": 24,
    "integer": false,
    "label": "material1 interface",
    "mean": 8.291658654901726,
    "median": 8.570904358211601,
    "p68": [
      7.096759286653347,
      9.505343279998563
    ],
    "p68_range": [
      7.096759286653347,
      9.505343279998563
    ],
    "p95": [
      4.080384931859492,
      10.953236301400809
    ],
    "p95_range": [
      4.080384931859492,
      10.953236301400809
    ],
    "std": 1.5266747219320629
  },
  "material1 rho": {
    "best": 4.567480737533624,
    "index": 25,
    "integer": false,
    "label": "material1 rho",
    "mean": 4.556803420963437,
    "median": 4.5479473869573885,
    "p68": [
      4.510764164423815,
      4.599740304678206
    ],
    "p68_range": [
      4.510764164423815,
      4.599740304678206
    ],
    "p95": [
      4.5020467794287935,
      4.667561269632476
    ],
    "p95_range": [
      4.5020467794287935,
      4.667561269632476
    ],
    "std": 0.044409184174216125
  },
  "material1 thickness": {
    "best": 40.498680477583505,
    "index": 26,
    "integer": false,
    "label": "material1 thickness",
    "mean": 40.46834391052093,
    "median": 40.48948379081443,
    "p68": [
      38.99456098259672,
      41.943313237571886
    ],
    "p68_range": [
      38.99456098259672,
      41.943313237571886
    ],
    "p95": [
      36.41096842387618,
      43.83892795954921
    ],
    "p95_range": [
      36.41096842387618,
      43.83892795954921
    ],
    "std": 1.7296827148541063
  },
  "material2 interface": {
    "best": 14.30457619749526,
    "index": 21,
    "integer": false,
    "label": "material2 interface",
    "mean": 15.10194031441644,
    "median": 14.735099572926288,
    "p68": [
      13.507600279858245,
      17.07062897507091
    ],
    "p68_range": [
      13.507600279858245,
      17.07062897507091
    ],
    "p95": [
      11.236960250064877,
      20.01540654467491
    ],
    "p95_range": [
      11.236960250064877,
      20.01540654467491
    ],
    "std": 2.070610236677492
  },
  "material2 rho": {
    "best": 5.2150455930179005,
    "index": 22,
    "integer": false,
    "label": "material2 rho",
    "mean": 5.219799968119052,
    "median": 5.220227391659963,
    "p68": [
      5.186350588074365,
      5.254280344702176
    ],
    "p68_range": [
      5.186350588074365,
      5.254280344702176
    ],
    "p95": [
      5.153125280625815,
      5.285951698629385
    ],
    "p95_range": [
      5.153125280625815,
      5.285951698629385
    ],
    "std": 0.03497224968503646
  },
  "material2 thickness": {
    "best": 109.29933108331879,
    "index": 23,
    "integer": false,
    "label": "material2 thickness",
    "mean": 109.3260295892562,
    "median": 109.25945793009593,
    "p68": [
      107.37269737047693,
      111.42262301736841
    ],
    "p68_range": [
      107.37269737047693,
      111.42262301736841
    ],
    "p95": [
      104.8398899760916,
      114.04763895763998
    ],
    "p95_range": [
      104.8398899760916,
      114.04763895763998
    ],
    "std": 2.2598964826707704
  },
  "material3 interface": {
    "best": 12.582980779848016,
    "index": 18,
    "integer": false,
    "label": "material3 interface",
    "mean": 11.640991566667811,
    "median": 11.287814909845405,
    "p68": [
      10.298200494560481,
      12.874366276012198
    ],