{
  "D2O interface": {
    "best": 69.61761499829582,
    "index": 1,
    "integer": false,
    "label": "D2O interface",
    "mean": 69.16014852162097,
    "median": 69.39257999528162,
    "p68": [
      68.447903997634,
      69.84663883541748
    ],
    "p68_range": [
      68.447903997634,
      69.84663883541748
    ],
    "p95": [
      66.91269683870712,
      69.9672085216814
    ],
    "p95_range": [
      66.91269683870712,
      69.9672085216814
    ],
    "std": 0.8183201065594958
  },
  "D2O rho": {
    "best": 6.358307994207001,
    "index": 2,
    "integer": false,
    "label": "D2O rho",
    "mean": 6.3497543667182805,
    "median": 6.352880294403982,
    "p68": [
      6.339982971784635,
      6.3585317063332
    ],
    "p68_range": [
      6.339982971784635,
      6.3585317063332
    ],
    "p95": [
      6.326460812354337,
      6.359841105824251
    ],
    "p95_range": [
      6.326460812354337,
      6.359841105824251
    ],
    "std": 0.009374817494555491
  },
  "Pd interface": {
    "best": 2.021652829982671,
    "index": 30,
    "integer": false,
    "label": "Pd interface",
    "mean": 2.1913980910288378,
    "median": 2.1230543847459833,
    "p68": [
      2.0262819554074993,
      2.3816932283953927
    ],
    "p68_range": [
      2.0262819554074993,
      2.3816932283953927
    ],
    "p95": [
      2.0033123010543323,
      2.836013114171891
    ],
    "p95_range": [
      2.0033123010543323,
      2.836013114171891
    ],
    "std": 0.20761159002343071
  },
  "Pd rho": {
    "best": 3.99478467547255,
    "index": 31,
    "integer": false,
    "label": "Pd rho",
    "mean": 3.993102864969653,
    "median": 3.994335839338415,
    "p68": [
      3.9579494558008075,
      4.025811233010088
    ],
    "p68_range": [
      3.9579494558008075,
      4.025811233010088
    ],
    "p95": [
      3.931276034250844,
      4.056571510467413
    ],
    "p95_range": [
      3.931276034250844,
      4.056571510467413
    ],
    "std": 0.0325866254452376
  },
  "Pd thickness": {
    "best": 109.80315400063766,
    "index": 32,
    "integer": false,
    "label": "Pd thickness",
    "mean": 109.53841440792671,
    "median": 109.70048950569897,
    "p68": [
      109.09013839555949,
      109.9309860185051
    ],
    "p68_range": [
      109.09013839555949,
      109.9309860185051
    ],
    "p95": [
      108.34663086111051,
      109.98864100710192
    ],
    "p95_range": [
      108.34663086111051,
      109.98864100710192
    ],
    "std": 0.460452715034803
  },
  "SiO2 interface": {
    "best": 5.999261258546407,
    "index": 33,
    "integer": false,
    "label": "SiO2 interface",
    "mean": 5.886492673598061,
    "median": 5.931818043006558,
    "p68": [
      5.778458027150357,
      5.985183214033133
    ],
    "p68_range": [
      5.778458027150357,
      5.985183214033133
    ],
    "p95": [
      5.554691282983834,
      5.998505044082432
    ],
    "p95_range": [
      5.554691282983834,
      5.998505044082432
    ],
    "std": 0.13180030001317775
  },
  "SiO2 rho": {
    "best": 3.000731523280955,
    "index": 34,
    "integer": false,
    "label": "SiO2 rho",
    "mean": 3.0064810454470203,
    "median": 3.0037976221329585,
    "p68": [
      3.000792687554599,
      3.01169469571162
    ],
    "p68_range": [
      3.000792687554599,
      3.01169469571162
    ],
    "p95": [
      3.0001110601626193,
      3.029273069900192
    ],
    "p95_range": [
      3.0001110601626193,
      3.029273069900192
    ],
    "std": 0.0075992889652471635
  },
  "SiO2 thickness": {
    "best": 25.00077834106351,
    "index": 35,
    "integer": false,
    "label": "SiO2 thickness",
    "mean": 25.029084457870404,
    "median": 25.018235601356192,
    "p68": [
      25.004284421135154,
      25.050514442663733
    ],
    "p68_range": [
      25.004284421135154,
      25.050514442663733
    ],
    "p95": [
      25.000525325441824,
      25.123838156853303
    ],
    "p95_range": [
      25.000525325441824,
      25.123838156853303
    ],
    "std": 0.03270616004430254
  },
  "SiWAFER70V rho": {
    "best": 2.19738638172957,
    "index": 36,
    "integer": false,
    "label": "SiWAFER70V rho",
    "mean": 2.189025019198781,
    "median": 2.1936927198811653,
    "p68": [
      2.177999053932704,
      2.198527946715462
    ],
    "p68_range": [
      2.177999053932704,
      2.198527946715462
    ],
    "p95": [
      2.157897205641412,
      2.1997751783174344
    ],
    "p95_range": [
      2.157897205641412,
      2.1997751783174344
    ],
    "std": 0.011838332119086891
  },
  "material1intSLD3 interface": {
    "best": 6.74268709111344,
    "index": 24,
    "integer": false,
    "label": "material1intSLD3 interface",
    "mean": 6.210026398410249,
    "median": 6.427504280772956,
    "p68": [
      5.128158287987124,
      7.21581494574891
    ],
    "p68_range": [
      5.128158287987124,
      7.21581494574891
    ],
    "p95": [
      3.29219823010196,
      8.080709364497359
    ],
    "p95_range": [
      3.29219823010196,
      8.080709364497359
    ],
    "std": 1.1845234000417433
  },
  "material1intSLD3 rho": {
    "best": 4.304740016534598,
    "index": 25,
    "integer": false,
    "label": "material1intSLD3 rho",
    "mean": 4.31637136200479,
    "median": 4.312087700257205,
    "p68": [
      4.256626493024756,
      4.381412296578701
    ],
    "p68_range": [
      4.256626493024756,
      4.381412296578701
    ],
    "p95": [
      4.201565149895469,
      4.438592747482931
    ],
    "p95_range": [
      4.201565149895469,
      4.438592747482931
    ],
    "std": 0.06181652706576662
  },
  "material1intSLD3 thickness": {
    "best": 92.47595667441674,
    "index": 26,
    "integer": false,
    "label": "material1intSLD3 thickness",
    "mean": 92.52746797023347,
    "median": 92.47882244574421,
    "p68": [
      91.35855082088116,
      93.70457804139278
    ],
    "p68_range": [
      91.35855082088116,
      93.70457804139278
    ],
    "p95": [
      90.3137059578609,
      94.88614767548736
    ],
    "p95_range": [
      90.3137059578609,
      94.88614767548736
    ],
    "std": 1.1603030378706933
  },
  "material2 interface": {
    "best": 25.870169444209807,
    "index": 21,
    "integer": false,
    "label": "material2 interface",
    "mean": 25.970061493759076,
    "median": 25.92076025466434,
    "p68": [
      25.057171246435203,
      26.851833202218025
    ],
    "p68_range": [
      25.057171246435203,
      26.851833202218025
    ],
    "p95": [
      24.086298137011195,
      28.28943254324875
    ],
    "p95_range": [
      24.086298137011195,
      28.28943254324875
    ],
    "std": 0.9658367917559794
  },
  "material2 rho": {
    "best": 2.616658558547727,
    "index": 22,
    "integer": false,
    "label": "material2 rho",
    "mean": 2.6387397746588723,
    "median": 2.6367203139078765,
    "p68": [
      2.566633255182019,
      2.7145757421850885
    ],
    "p68_range": [
      2.566633255182019,
      2.7145757421850885
    ],
    "p95": [
      2.5076349242839595,
      2.799738950745356
    ],
    "p95_range": [
      2.5076349242839595,
      2.799738950745356
    ],
    "std": 0.0751836520169901
  },
  "material2 thickness": {
    "best": 117.65809914207624,
    "index": 23,
    "integer": false,
    "label": "material2 thickness",
    "mean": 117.7909716638242,
    "median": 117.8433964563608,
    "p68": [
      116.12678425106208,
      119.3456109735614
    ],
    "p68_range": [
      116.12678425106208,
      119.3456109735614
    ],
    "p95": [
      114.21632567223335,
      121.3716926600211
    ],
    "p95_range": [
      114.21632567223335,
      121.3716926600211
    ],
    "std": 1.7556565091014278
  },
  "material3 interface": {
    "best": 36.835578789498726,
    "index": 18,
    "integer": false,
    "label": "material3 interface",
    "mean": 37.191333143923515,
    "median": 37.11410315712361,
    "p68": [
      36.2041567767101,
      38.125730452818296
    ],